city_ID,City,Country,Date,Lat,Lng,Max Temp,Humidity,Cloudiness,Wind Speed
0,Henties Bay,NA,2021-10-17 17:37:45,-22.116,14.2845,57.85,77,88,5.93
1,La Rochelle,FR,2021-10-17 17:37:46,46.1667,-1.15,64.51,77,0,2.3
2,Port Alfred,ZA,2021-10-17 17:36:13,-33.5906,26.891,55.74,70,46,15.68
3,Cavalcante,BR,2021-10-17 17:37:46,-13.7975,-47.4583,85.91,41,73,3.47
4,Chuy,UY,2021-10-17 17:36:38,-33.6971,-53.4616,63.43,45,1,7.56
5,Busselton,AU,2021-10-17 17:36:08,-33.65,115.3333,51.04,80,16,6.89
6,Xuddur,SO,2021-10-17 17:37:47,4.1213,43.8894,80.4,59,87,10.09
7,Arraial Do Cabo,BR,2021-10-17 17:36:18,-22.9661,-42.0278,73.36,88,75,10.36
8,Hermanus,ZA,2021-10-17 17:36:24,-34.4187,19.2345,57.9,69,13,6.73
9,Port Blair,IN,2021-10-17 17:37:48,11.6667,92.75,80.29,86,97,6.11
10,Ancud,CL,2021-10-17 17:34:09,-41.8697,-73.8203,54.93,68,25,5.86
11,Camocim,BR,2021-10-17 17:37:49,-2.9022,-40.8411,90.1,56,24,20.8
12,Cayenne,GF,2021-10-17 17:36:15,4.9333,-52.3333,89.64,78,75,4.0
13,Bredasdorp,ZA,2021-10-17 17:36:10,-34.5322,20.0403,54.28,69,66,3.44
14,Sinnamary,GF,2021-10-17 17:37:50,5.3833,-52.95,86.05,65,75,9.57
15,Tasiilaq,GL,2021-10-17 17:37:29,65.6145,-37.6368,30.36,55,92,4.41
16,Saint Anthony,US,2021-10-17 17:36:30,45.0205,-93.218,65.66,43,1,1.01
17,Ushuaia,AR,2021-10-17 17:33:06,-54.8,-68.3,42.46,75,75,3.44
18,Qaanaaq,GL,2021-10-17 17:36:33,77.484,-69.3632,24.87,87,100,10.13
19,Mahebourg,MU,2021-10-17 17:36:53,-20.4081,57.7,74.25,73,75,12.66
20,Bonfim,BR,2021-10-17 17:37:52,3.0833,-59.95,98.22,30,86,3.27
21,Aksarka,RU,2021-10-17 17:37:53,66.5606,67.7975,39.09,97,100,13.18
22,Najran,SA,2021-10-17 17:37:53,17.4924,44.1277,79.45,18,6,4.85
23,Miresu Mare,RO,2021-10-17 17:37:54,47.5,23.3333,45.16,68,6,0.56
24,Lagos,NG,2021-10-17 17:37:15,6.5833,3.75,84.52,86,95,5.5
25,Cape Town,ZA,2021-10-17 17:35:27,-33.9258,18.4232,60.28,60,20,14.97
26,Jamestown,US,2021-10-17 17:36:14,42.097,-79.2353,55.02,72,90,7.0
27,San Martin,AR,2021-10-17 17:37:56,-33.081,-68.4681,70.34,17,0,11.14
28,Dikson,RU,2021-10-17 17:36:20,73.5069,80.5464,31.51,98,100,5.35
29,Klaksvik,FO,2021-10-17 17:36:46,62.2266,-6.589,45.52,73,95,20.24
30,Zhezkazgan,KZ,2021-10-17 17:36:35,47.8043,67.7144,47.08,38,6,8.21
31,Turtas,RU,2021-10-17 17:37:57,58.9417,69.1325,39.9,77,86,8.25
32,Bandarbeyla,SO,2021-10-17 17:37:58,9.4942,50.8122,77.56,91,42,13.76
33,Parambu,BR,2021-10-17 17:37:59,-6.2111,-40.6944,96.57,21,100,7.16
34,Nioki,CD,2021-10-17 17:37:59,-2.7167,17.6833,72.16,98,100,3.04
35,Kruisfontein,ZA,2021-10-17 17:36:14,-34.0033,24.7314,53.89,76,43,7.29
36,Puerto Maldonado,PE,2021-10-17 17:38:00,-12.6,-69.1833,77.4,69,75,4.61
37,Upernavik,GL,2021-10-17 17:37:10,72.7868,-56.1549,23.79,58,81,8.41
38,Murdochville,CA,2021-10-17 17:38:00,48.9583,-65.5006,52.68,95,100,9.71
39,East London,ZA,2021-10-17 17:32:37,-33.0153,27.9116,56.34,62,0,20.71
40,Punta Arenas,CL,2021-10-17 17:36:52,-53.15,-70.9167,50.11,62,0,25.32
41,Caiaponia,BR,2021-10-17 17:38:02,-16.9567,-51.8103,88.72,42,36,5.21
42,Kastamonu,TR,2021-10-17 17:38:02,41.5,33.6667,51.08,93,100,4.05
43,Andahuaylas,PE,2021-10-17 17:38:03,-13.6556,-73.3872,66.79,48,83,6.33
44,Vieux-Habitants,GP,2021-10-17 17:38:04,16.0589,-61.7659,85.57,74,30,4.29
45,Port Elizabeth,ZA,2021-10-17 17:36:22,-33.918,25.5701,56.1,87,75,9.22
46,Balkhash,KZ,2021-10-17 17:38:05,46.844,74.9804,47.98,50,7,10.56
47,Sur,OM,2021-10-17 17:36:31,22.5667,59.5289,80.4,45,0,4.72
48,Rosehearty,GB,2021-10-17 17:38:06,57.697,-2.1132,54.16,93,100,18.23
49,Shakhunya,RU,2021-10-17 17:38:06,57.6758,46.6114,43.9,77,99,10.78
50,Longyearbyen,SJ,2021-10-17 17:36:25,78.2186,15.6401,19.24,58,20,4.61
51,Castro,BR,2021-10-17 17:37:05,-24.7911,-50.0119,59.02,98,100,6.17
52,Berlevag,NO,2021-10-17 17:38:08,70.8578,29.0864,37.2,89,100,32.55
53,Bathsheba,BB,2021-10-17 17:38:08,13.2167,-59.5167,88.41,70,20,11.5
54,Necochea,AR,2021-10-17 17:37:13,-38.5473,-58.7368,60.66,59,99,11.97
55,Carnarvon,AU,2021-10-17 17:37:40,-24.8667,113.6333,66.27,63,40,8.05
56,Dakar,SN,2021-10-17 17:33:44,14.6937,-17.4441,86.88,79,0,6.91
57,Jalu,LY,2021-10-17 17:38:10,29.0331,21.5482,73.85,36,2,8.84
58,Kilosa,TZ,2021-10-17 17:38:10,-6.8333,36.9833,78.89,55,30,5.57
59,Araouane,ML,2021-10-17 17:38:11,18.9048,-3.5265,92.62,8,9,8.1
60,Guarapari,BR,2021-10-17 17:38:11,-20.6667,-40.4975,75.09,93,100,8.52
61,Vila Franca Do Campo,PT,2021-10-17 17:36:08,37.7167,-25.4333,72.01,88,100,8.86
62,Eenhana,NA,2021-10-17 17:38:12,-17.4667,16.3333,79.38,13,7,6.58
63,Derzhavinsk,KZ,2021-10-17 17:38:12,51.1,66.3167,49.24,50,17,7.99
64,Cidreira,BR,2021-10-17 17:36:36,-30.1811,-50.2056,64.45,60,33,6.91
65,Georgetown,MY,2021-10-17 17:36:26,5.4112,100.3354,78.89,91,20,0.0
66,Ponta Do Sol,PT,2021-10-17 17:36:11,32.6667,-17.1,76.71,78,72,3.58
67,Folldal,NO,2021-10-17 17:38:13,62.1325,9.9968,25.74,85,13,5.68
68,Teguldet,RU,2021-10-17 17:38:14,57.3064,88.1667,32.74,86,83,4.25
69,Hofn,IS,2021-10-17 17:38:14,64.2539,-15.2082,35.78,97,100,19.46
70,Buraydah,SA,2021-10-17 17:36:43,26.326,43.975,90.05,19,0,12.37
71,Hadejia,NG,2021-10-17 17:38:15,12.4498,10.0444,87.33,51,64,2.1
72,Taybad,IR,2021-10-17 17:38:16,34.74,60.7756,55.8,14,0,6.02
73,Melfi,IT,2021-10-17 17:38:16,40.9965,15.6514,58.41,86,100,3.27
74,Muisne,EC,2021-10-17 17:38:17,0.6,-80.0333,76.62,81,100,9.48
75,Huarmey,PE,2021-10-17 17:38:17,-10.0681,-78.1522,69.67,74,82,11.56
76,Iqaluit,CA,2021-10-17 17:38:18,63.7506,-68.5145,33.53,74,75,3.0
77,Chiredzi,ZW,2021-10-17 17:38:19,-21.05,31.6667,77.05,60,9,20.04
78,Umm Lajj,SA,2021-10-17 17:38:19,25.0213,37.2685,83.84,64,0,6.55
79,Hobyo,SO,2021-10-17 17:38:20,5.3505,48.5268,78.66,83,72,20.6
80,Clyde River,CA,2021-10-17 17:36:09,70.4692,-68.5914,28.67,77,94,12.77
81,Saint George,US,2021-10-17 17:37:14,37.1041,-113.5841,75.67,29,84,6.2
82,Sompeta,IN,2021-10-17 17:38:21,18.9333,84.6,78.3,89,100,2.55
83,Jumla,NP,2021-10-17 17:38:21,29.2747,82.1838,55.38,85,68,5.03
84,Onega,RU,2021-10-17 17:38:22,63.9061,38.1404,36.7,96,100,11.81
85,Sao Joao Do Paraiso,BR,2021-10-17 17:38:22,-15.3136,-42.0144,89.44,26,88,6.93
86,Rocha,UY,2021-10-17 17:37:24,-34.4833,-54.3333,64.74,51,0,8.41
87,Puerto El Triunfo,SV,2021-10-17 17:38:23,13.2833,-88.55,88.72,64,93,6.67
88,Hamilton,US,2021-10-17 17:32:35,39.1834,-84.5333,66.6,44,1,3.0
89,Bengkulu,ID,2021-10-17 17:38:24,-3.8004,102.2655,76.8,91,100,6.33
90,Victoria,HK,2021-10-17 17:38:24,22.2855,114.1577,73.33,77,71,1.01
91,Tazovskiy,RU,2021-10-17 17:38:25,67.4667,78.7,34.72,92,100,10.96
92,Youghal,IE,2021-10-17 17:38:25,51.95,-7.8506,59.02,100,96,8.81
93,Sept-Iles,CA,2021-10-17 17:35:03,50.2001,-66.3821,51.06,97,90,11.99
94,Pizarro,CO,2021-10-17 17:38:26,4.9533,-77.366,77.52,91,99,10.38
95,Tessalit,ML,2021-10-17 17:38:27,20.1986,1.0114,91.56,9,0,8.97
96,Salalah,OM,2021-10-17 17:38:28,17.0151,54.0924,80.69,83,40,3.44
97,Bambous Virieux,MU,2021-10-17 17:36:29,-20.3428,57.7575,74.21,73,75,12.66
98,Saldanha,ZA,2021-10-17 17:36:16,-33.0117,17.9442,60.85,78,1,15.73
99,Saint-Philippe,RE,2021-10-17 17:36:12,-21.3585,55.7679,72.99,82,66,14.9
100,Nouadhibou,MR,2021-10-17 17:38:29,20.931,-17.0347,84.18,42,0,14.97
101,Siilinjarvi,FI,2021-10-17 17:38:29,63.0833,27.6667,37.42,81,90,16.11
102,Lodja,CD,2021-10-17 17:38:30,-3.4833,23.4333,73.6,88,65,2.17
103,Isla Mujeres,MX,2021-10-17 17:38:30,21.2311,-86.731,86.16,72,81,7.02
104,Korla,CN,2021-10-17 17:38:31,41.7597,86.1469,52.47,32,0,6.53
105,Nhamunda,BR,2021-10-17 17:38:31,-2.1861,-56.7131,95.68,37,48,3.51
106,Barra Do Garcas,BR,2021-10-17 17:38:32,-15.89,-52.2567,97.38,38,40,6.91
107,Contamana,PE,2021-10-17 17:38:32,-7.3333,-75.0167,98.6,29,64,5.97
108,Dingle,PH,2021-10-17 17:38:33,10.9995,122.6711,76.28,92,10,5.66
109,Eyl,SO,2021-10-17 17:37:32,7.9803,49.8164,78.66,81,81,15.1
110,Arona,ES,2021-10-17 17:38:33,28.0996,-16.681,82.31,62,0,8.05
111,Pedernales,DO,2021-10-17 17:38:34,18.0384,-71.744,83.95,72,93,5.06
112,Badou,TG,2021-10-17 17:38:35,7.5833,0.6,76.62,84,59,1.03
113,Tutoia,BR,2021-10-17 17:38:35,-2.7619,-42.2744,89.58,70,61,14.47
114,Luderitz,NA,2021-10-17 17:38:36,-26.6481,15.1594,62.47,52,58,31.23
115,Ravar,IR,2021-10-17 17:38:36,31.2656,56.8055,68.56,21,0,3.51
116,Kidal,ML,2021-10-17 17:38:37,18.4411,1.4078,92.43,15,3,9.4
117,Biltine,TD,2021-10-17 17:38:37,14.5333,20.9167,89.28,19,6,10.11
118,Turukhansk,RU,2021-10-17 17:38:38,65.8167,87.9833,36.39,98,100,12.19
119,Hithadhoo,MV,2021-10-17 17:36:34,-0.6,73.0833,82.18,78,31,13.67
120,Mazamet,FR,2021-10-17 17:38:39,43.49,2.373,61.57,76,0,12.66
121,Divicani,BA,2021-10-17 17:37:04,44.3667,17.3261,42.64,93,27,1.19
122,Muzhi,RU,2021-10-17 17:38:40,65.3667,64.6667,40.08,97,100,12.5
123,Millinocket,US,2021-10-17 17:38:40,45.6573,-68.7098,59.92,75,90,17.27
124,Ilulissat,GL,2021-10-17 17:38:41,69.2167,-51.1,19.42,30,4,41.43
125,Boddam,GB,2021-10-17 17:38:41,57.4667,-1.7833,53.98,94,99,18.81
126,Kuusamo,FI,2021-10-17 17:38:42,65.9667,29.1833,32.04,100,75,8.05
127,Venado Tuerto,AR,2021-10-17 17:38:42,-33.7456,-61.9688,73.78,26,97,6.38
128,Rio Grande,BR,2021-10-17 17:35:42,-32.035,-52.0986,69.91,54,0,8.52
129,Saurimo,AO,2021-10-17 17:38:43,-9.6608,20.3916,71.64,67,67,3.29
130,Kodlipet,IN,2021-10-17 17:38:43,12.8,75.8833,66.78,97,100,4.59
131,Rawson,AR,2021-10-17 17:38:44,-43.3002,-65.1023,57.15,52,1,19.39
132,Margate,GB,2021-10-17 17:38:44,51.3813,1.3862,59.31,73,74,1.99
133,Richards Bay,ZA,2021-10-17 17:36:43,-28.783,32.0377,61.48,89,100,10.69
134,Abu Dhabi,AE,2021-10-17 17:38:45,24.4667,54.3667,87.91,70,0,5.75
135,Touros,BR,2021-10-17 17:38:46,-5.1989,-35.4608,86.9,63,95,17.56
136,Lagoa,PT,2021-10-17 17:37:10,39.05,-27.9833,69.91,83,35,19.57
137,Laguna,US,2021-10-17 17:38:46,38.421,-121.4238,74.23,45,1,3.0
138,Ribeira Grande,PT,2021-10-17 17:38:47,38.5167,-28.7,72.0,88,75,21.85
139,Bonthe,SL,2021-10-17 17:38:48,7.5264,-12.505,81.99,73,80,9.53
140,Tshikapa,CD,2021-10-17 17:38:48,-6.4167,20.8,75.65,84,79,2.95
141,Kavaratti,IN,2021-10-17 17:36:42,10.5669,72.642,81.21,80,72,17.34
142,Usinsk,RU,2021-10-17 17:36:09,65.9939,57.5281,35.85,90,89,11.39
143,Mahenge,TZ,2021-10-17 17:38:49,-8.6833,36.7167,72.68,53,42,7.78
144,Inhambane,MZ,2021-10-17 17:38:50,-23.865,35.3833,78.78,89,40,6.91
145,Muravlenko,RU,2021-10-17 17:38:50,63.7898,74.523,38.57,92,100,16.62
146,Yar-Sale,RU,2021-10-17 17:38:51,66.8333,70.8333,39.16,96,100,13.8
147,Priekule,LV,2021-10-17 17:38:51,56.4468,21.5897,49.32,89,69,4.59
148,Codrington,AU,2021-10-17 17:38:52,-38.2667,141.9667,45.05,92,100,5.95
149,Port Hawkesbury,CA,2021-10-17 17:38:52,45.6169,-61.3485,61.92,90,90,8.01
150,Normandin,CA,2021-10-17 17:38:54,48.8333,-72.5321,52.11,71,98,13.8
151,Rio Gallegos,AR,2021-10-17 17:37:29,-51.6226,-69.2181,62.65,29,0,16.11
152,Manono,CD,2021-10-17 17:38:54,-7.3,27.4167,72.23,89,72,13.38
153,Macon,US,2021-10-17 17:38:55,39.8667,-88.9668,66.74,48,1,8.05
154,Norton,ZW,2021-10-17 17:38:56,-17.8833,30.7,78.28,35,81,8.84
155,Caravelas,BR,2021-10-17 17:36:58,-17.7125,-39.2481,83.68,55,72,10.02
156,Ponta Delgada,PT,2021-10-17 17:37:22,37.7333,-25.6667,72.32,88,40,9.22
157,Awbari,LY,2021-10-17 17:38:57,26.5921,12.7805,82.4,13,2,3.71
158,Masallatah,LY,2021-10-17 17:37:41,32.6167,14.0,71.26,43,99,9.8
159,Vila Velha,BR,2021-10-17 17:37:25,-20.3297,-40.2925,75.15,83,75,12.66
160,Amboasary,MG,2021-10-17 17:38:57,-25.0333,46.3833,75.04,77,0,4.81
161,Gat,IL,2021-10-17 17:34:01,31.61,34.7642,73.81,63,56,5.23
162,Say,NE,2021-10-17 17:38:58,13.1007,2.3689,95.56,34,98,15.77
163,Porbandar,IN,2021-10-17 17:38:59,21.6422,69.6093,80.6,69,66,12.19
164,Kandi,BJ,2021-10-17 17:38:59,11.1342,2.9386,85.78,46,100,3.87
165,Souillac,MU,2021-10-17 17:36:59,-20.5167,57.5167,74.35,73,75,12.66
166,Santa Cruz,BO,2021-10-17 17:39:00,-17.8,-63.1667,82.45,42,75,4.61
167,San Miguel,SV,2021-10-17 17:39:01,13.4833,-88.1833,89.08,68,0,3.44
168,Alta Floresta,BR,2021-10-17 17:39:02,-9.8756,-56.0861,94.82,43,20,5.75
169,Kumo,NG,2021-10-17 17:39:02,10.0447,11.2122,82.17,63,48,5.75
170,Paamiut,GL,2021-10-17 17:39:03,61.994,-49.6678,36.07,48,0,1.95
171,Chelno-Vershiny,RU,2021-10-17 17:39:04,54.4333,51.1,48.22,60,99,7.07
172,Salta,AR,2021-10-17 17:39:04,-24.7859,-65.4117,75.79,30,20,5.99
173,Grand Gaube,MU,2021-10-17 17:37:28,-20.0064,57.6608,74.37,77,34,8.01
174,Macusani,PE,2021-10-17 17:38:13,-14.0833,-70.4333,51.03,51,60,4.54
175,Lindi,TZ,2021-10-17 17:39:05,-10.0,39.7167,74.19,85,1,3.83
176,Walvis Bay,NA,2021-10-17 17:36:37,-22.9575,14.5053,65.35,52,98,3.44
177,Viedma,AR,2021-10-17 17:39:06,-40.8135,-62.9967,67.57,22,3,15.39
178,Yaremche,UA,2021-10-17 17:39:06,48.4583,24.5519,40.77,92,9,3.4
179,Saint-Francois,FR,2021-10-17 17:39:07,46.4154,3.9054,58.44,79,0,4.61
180,Taoudenni,ML,2021-10-17 17:39:07,22.6783,-3.9836,94.75,11,40,11.21
181,Kalofer,BG,2021-10-17 17:39:08,42.6167,24.9833,50.88,88,96,1.52
182,Chapais,CA,2021-10-17 17:39:08,49.7834,-74.8492,42.58,92,100,8.01
183,Port-Gentil,GA,2021-10-17 17:37:23,-0.7193,8.7815,80.56,78,40,13.8
184,Maniitsoq,GL,2021-10-17 17:39:09,65.4167,-52.9,35.19,42,0,3.96
185,Garwolin,PL,2021-10-17 17:39:10,51.8975,21.6147,50.77,61,100,6.87
186,Grootfontein,NA,2021-10-17 17:39:10,-19.5667,18.1167,78.37,15,52,3.44
187,Medeiros Neto,BR,2021-10-17 17:39:11,-17.3739,-40.2206,92.32,33,57,11.23
188,Coquimbo,CL,2021-10-17 17:36:10,-29.9533,-71.3436,60.53,67,0,14.97
189,Abatskoye,RU,2021-10-17 17:39:11,56.2875,70.4555,40.71,73,68,6.71
190,Cocal,BR,2021-10-17 17:39:12,-28.6167,-49.35,58.1,93,100,1.36
191,Rosa Zarate,EC,2021-10-17 17:39:12,0.3333,-79.4667,84.36,67,97,4.72
192,Potiskum,NG,2021-10-17 17:39:13,11.7091,11.0694,83.64,57,64,5.66
193,Oranjemund,NA,2021-10-17 17:39:13,-28.55,16.4333,57.27,75,2,26.04
194,Adrar,MR,2021-10-17 17:36:43,20.5022,-10.0711,93.07,9,100,6.38
195,Belokurikha,RU,2021-10-17 17:39:14,51.9959,84.9896,39.76,71,5,4.12
196,Gravdal,NO,2021-10-17 17:39:15,68.1214,13.5031,40.68,67,100,23.71
197,Levashi,RU,2021-10-17 17:39:15,42.4304,47.3215,44.55,96,29,2.04
198,Gwanda,ZW,2021-10-17 17:39:16,-20.9333,29.0,80.4,42,64,16.96
199,Sao Jose Da Coroa Grande,BR,2021-10-17 17:39:16,-8.8978,-35.1478,81.81,66,68,11.81
200,Moroni,KM,2021-10-17 17:39:17,-11.7022,43.2551,78.8,69,20,24.16
201,Mushie,CD,2021-10-17 17:39:17,-3.0167,16.9,73.09,95,100,6.44
202,Iralaya,HN,2021-10-17 17:39:18,15.0,-83.2333,86.09,77,60,6.8
203,Pamplona,ES,2021-10-17 17:39:18,42.8169,-1.6432,62.92,72,40,3.44
204,Mwaro,BI,2021-10-17 17:39:19,-3.5,29.6667,60.33,91,89,0.76
205,Trairi,BR,2021-10-17 17:39:20,-3.2778,-39.2689,85.96,61,32,15.43
206,Canto Do Buriti,BR,2021-10-17 17:39:21,-8.11,-42.9444,99.27,22,100,6.2
207,Havoysund,NO,2021-10-17 17:39:21,70.9963,24.6622,41.23,82,100,31.7
208,Soimi,RO,2021-10-17 17:39:22,46.6833,22.1167,46.2,68,6,2.53
209,Pangnirtung,CA,2021-10-17 17:39:22,66.1451,-65.7125,33.8,55,20,2.3
210,Kralendijk,BQ,2021-10-17 17:37:42,12.15,-68.2667,91.38,62,75,10.36
211,Nara,JP,2021-10-17 17:39:23,34.6851,135.8049,60.08,50,26,2.24
212,Bubaque,GW,2021-10-17 17:39:24,11.2833,-15.8333,83.34,74,25,11.52
213,Coihaique,CL,2021-10-17 17:33:43,-45.5752,-72.0662,57.81,47,20,10.36
214,Sao Joao Da Barra,BR,2021-10-17 17:36:41,-21.6403,-41.0511,75.29,83,98,14.65
215,Pisco,PE,2021-10-17 17:39:25,-13.7,-76.2167,68.05,68,0,8.05
216,Cururupu,BR,2021-10-17 17:39:25,-1.8283,-44.8683,86.34,61,37,6.87
217,Erdemli,TR,2021-10-17 17:39:26,36.605,34.3084,70.72,70,45,3.8
218,Nanortalik,GL,2021-10-17 17:36:15,60.1432,-45.2371,36.52,86,86,3.6
219,Kuminskiy,RU,2021-10-17 17:39:26,58.6667,66.5667,41.04,64,28,8.32
220,Aswan,EG,2021-10-17 17:36:36,24.0934,32.907,90.57,13,0,15.21
221,Salinas,US,2021-10-17 17:38:44,36.6777,-121.6555,69.01,53,1,3.44
222,Verkhnyaya Inta,RU,2021-10-17 17:39:27,65.9811,60.3094,38.91,87,100,13.56
223,Comodoro Rivadavia,AR,2021-10-17 17:34:38,-45.8667,-67.5,58.86,31,0,11.5
224,Inirida,CO,2021-10-17 17:37:19,3.8653,-67.9239,92.41,51,100,1.52
225,Marrakesh,MA,2021-10-17 17:39:28,31.6315,-8.0083,89.67,20,0,4.61
226,Maldonado,UY,2021-10-17 17:39:30,-34.6667,-54.9167,65.59,47,0,5.86
227,Bodden Town,KY,2021-10-17 17:39:30,19.2833,-81.25,88.0,66,20,5.75
228,Bosaso,SO,2021-10-17 17:39:31,11.2842,49.1816,85.15,49,45,1.9
229,Sovetskiy,RU,2021-10-17 17:39:31,61.3614,63.5842,43.86,71,100,11.63
230,Gairo,IT,2021-10-17 17:39:32,39.8497,9.5047,54.61,82,56,1.54
231,Cockburn Town,TC,2021-10-17 17:39:32,21.4612,-71.1419,85.96,70,40,5.75
232,Rockingham,US,2021-10-17 17:39:33,42.9668,-71.0995,63.66,55,1,4.0
233,Faya,SA,2021-10-17 17:39:33,18.3851,42.4509,70.32,23,5,9.26
234,Nueva Loja,EC,2021-10-17 17:39:34,0.0847,-76.8828,80.62,83,75,2.3
235,Marystown,CA,2021-10-17 17:39:34,47.1666,-55.1483,52.86,100,99,6.08
236,Kisiwani,TZ,2021-10-17 17:39:35,-4.1333,37.95,72.16,73,25,6.89
237,Mar Del Plata,AR,2021-10-17 17:37:13,-38.0023,-57.5575,68.02,49,0,11.01
238,Krasnovishersk,RU,2021-10-17 17:39:35,60.4078,57.082,39.16,83,75,8.75
239,Torbay,CA,2021-10-17 17:37:20,47.6666,-52.7314,43.57,92,90,10.36
240,Narsaq,GL,2021-10-17 17:37:02,60.9167,-46.05,41.22,44,23,3.69
241,Takaungu,KE,2021-10-17 17:39:36,-3.6837,39.8566,79.29,81,19,9.64
242,Nantucket,US,2021-10-17 17:36:12,41.2835,-70.0995,65.01,69,40,12.66
243,Talnakh,RU,2021-10-17 17:33:55,69.4865,88.3972,33.85,100,100,6.55
244,Banda Aceh,ID,2021-10-17 17:39:38,5.5577,95.3222,80.24,69,100,3.33
245,Taunsa,PK,2021-10-17 17:39:38,30.7048,70.6505,81.07,14,0,4.79
246,Rayevskiy,RU,2021-10-17 17:39:38,54.0658,54.9468,49.51,68,100,3.06
247,Lusambo,CD,2021-10-17 17:39:39,-4.9667,23.45,75.56,77,47,1.95
248,Joshimath,IN,2021-10-17 17:39:39,30.5667,79.5667,61.11,88,100,1.92
249,Praia Da Vitoria,PT,2021-10-17 17:39:40,38.7333,-27.0667,70.75,83,40,17.78
250,Canals,ES,2021-10-17 17:39:40,38.9625,-0.5844,68.22,76,99,1.01
251,Oranjestad,AW,2021-10-17 17:39:41,12.524,-70.027,85.95,74,20,13.8
252,Bouna,CI,2021-10-17 17:39:41,9.2667,-3.0,83.8,57,34,5.7
253,Manzil Salim,TN,2021-10-17 17:39:42,35.8567,8.4765,68.0,34,13,7.56
254,Acarau,BR,2021-10-17 17:39:43,-2.8856,-40.12,87.55,61,6,20.89
255,Vardo,NO,2021-10-17 17:36:44,70.3705,31.1107,40.98,87,75,24.16
256,Rincon,US,2021-10-17 17:39:43,32.296,-81.2354,71.51,37,1,12.66
257,Groningen,NL,2021-10-17 17:39:44,53.25,6.75,55.44,72,100,4.0
258,Gamba,GA,2021-10-17 17:39:44,-2.65,10.0,76.8,83,44,7.07
259,Senanga,ZM,2021-10-17 17:39:45,-16.1167,23.2667,80.8,29,77,5.61
260,Ostrovnoy,RU,2021-10-17 17:39:45,68.0531,39.5131,38.1,84,100,3.2
261,Sao Raimundo Das Mangabeiras,BR,2021-10-17 17:39:46,-7.0219,-45.4811,98.13,25,71,4.18
262,Khorol,UA,2021-10-17 17:39:46,49.7837,33.2783,45.9,71,61,5.53
263,Eregli,TR,2021-10-17 17:39:47,37.5133,34.0467,57.85,54,81,3.47
264,Kontagora,NG,2021-10-17 17:35:59,10.3999,5.4695,76.42,82,100,2.75
265,Crnomelj,SI,2021-10-17 17:39:48,45.5711,15.1889,53.53,87,6,1.74
266,Doha,QA,2021-10-17 17:37:29,25.2867,51.5333,86.31,75,0,3.44
267,Ivdel,RU,2021-10-17 17:39:49,60.6911,60.4206,41.94,74,87,7.29
268,Anloga,GH,2021-10-17 17:39:49,5.7947,0.8973,84.42,82,17,14.65
269,Abnub,EG,2021-10-17 17:39:49,27.2696,31.1511,83.61,25,99,13.73
270,Bystrice Pod Hostynem,CZ,2021-10-17 17:39:50,49.3992,17.674,50.63,71,79,2.62
271,Winburg,ZA,2021-10-17 17:39:50,-28.518,27.0093,53.33,14,74,8.14
272,Mathathane,BW,2021-10-17 17:39:51,-22.2687,28.7495,76.84,53,1,24.83
273,Lebu,CL,2021-10-17 17:39:51,-37.6167,-73.65,55.76,73,0,18.92
274,New Ross,IE,2021-10-17 17:39:52,52.3967,-6.9367,60.96,97,82,9.26
275,Ovalle,CL,2021-10-17 17:39:52,-30.5983,-71.2003,81.34,20,0,9.33
276,Arrecife,ES,2021-10-17 17:39:53,28.963,-13.5477,77.07,88,0,13.8
277,Corn Island,NI,2021-10-17 17:39:54,12.1694,-83.0418,83.08,71,80,6.85
278,Saint-Leu,RE,2021-10-17 17:39:54,-21.15,55.2833,72.46,90,18,3.89
279,Chicama,PE,2021-10-17 17:39:55,-7.8447,-79.1469,63.14,62,97,10.85
280,Odienne,CI,2021-10-17 17:39:55,9.51,-7.5692,80.06,70,100,1.39
281,Shelburne,CA,2021-10-17 17:37:08,44.0787,-80.2041,54.12,52,80,10.63
282,Ciudad Guayana,VE,2021-10-17 17:39:56,8.3533,-62.6528,87.53,74,89,2.59
283,Viransehir,TR,2021-10-17 17:39:57,37.2353,39.7631,68.67,52,9,14.2
284,Macau,MO,2021-10-17 17:39:57,22.2006,113.5461,72.07,78,20,20.71
285,Campiglia Marittima,IT,2021-10-17 17:39:57,43.0602,10.6152,65.7,59,0,6.11
286,Svetlogorsk,BY,2021-10-17 17:39:58,52.6333,29.7333,45.36,65,100,9.6
287,Luce,FR,2021-10-17 17:39:59,48.4369,1.4636,56.75,55,100,5.61
288,Bud,US,2021-10-17 17:37:17,39.447,-86.1758,65.68,53,0,13.78
289,Manta,EC,2021-10-17 17:40:00,-0.95,-80.7333,76.78,78,75,9.22
290,Namibe,AO,2021-10-17 17:40:00,-15.1961,12.1522,65.89,87,14,7.45
291,Cap Malheureux,MU,2021-10-17 17:40:01,-19.9842,57.6142,74.46,77,35,10.0
292,Bethanien,NA,2021-10-17 17:40:02,-26.502,17.1583,62.94,13,83,10.89
293,Gauripur,IN,2021-10-17 17:40:03,26.0835,89.9616,78.4,89,100,4.65
294,Vestmannaeyjar,IS,2021-10-17 17:36:48,63.4427,-20.2734,38.39,93,40,41.43
295,Mercedes,AR,2021-10-17 17:40:04,-34.6515,-59.4307,75.85,27,90,7.02
296,Arbroath,GB,2021-10-17 17:40:06,56.5632,-2.5874,55.45,96,99,6.31
297,Elizabeth City,US,2021-10-17 17:40:06,36.2946,-76.2511,68.05,45,1,4.0
298,Shahrud,IR,2021-10-17 17:40:07,36.4182,54.9763,58.73,29,0,0.36
299,Barcelos,PT,2021-10-17 17:36:15,41.5388,-8.6151,67.68,97,100,3.47
300,Panaba,MX,2021-10-17 17:40:08,21.2833,-88.2667,88.86,52,81,10.65
301,Santa Luzia,BR,2021-10-17 17:40:09,-19.7697,-43.8514,89.74,48,40,3.44
302,Camacha,PT,2021-10-17 17:40:10,33.0833,-16.3333,72.36,78,20,10.36
303,Bereda,ES,2021-10-17 17:40:11,43.2686,-7.5406,65.95,75,100,2.37
304,Turayf,SA,2021-10-17 17:40:11,31.6725,38.6637,71.85,40,0,5.75
305,Taltal,CL,2021-10-17 17:40:12,-25.4,-70.4833,64.31,60,18,7.02
306,Ati,TD,2021-10-17 17:40:12,13.2154,18.3353,94.55,21,37,7.49
307,Naberera,TZ,2021-10-17 17:40:13,-4.2,36.9333,69.85,54,39,13.6
308,Omboue,GA,2021-10-17 17:40:14,-1.5746,9.2618,77.18,83,72,7.67
309,Manica,FR,2021-10-17 17:40:14,49.0,-1.1667,56.61,76,52,4.12
310,Maihar,IN,2021-10-17 17:40:15,24.2667,80.75,77.49,84,81,5.26
311,Presidencia Roque Saenz Pena,AR,2021-10-17 17:40:15,-26.7852,-60.4388,77.4,36,95,4.14
312,Synya,RU,2021-10-17 17:40:16,65.3718,58.0387,37.13,89,98,8.23
313,Lubango,AO,2021-10-17 17:38:10,-14.9172,13.4925,66.11,46,25,5.99
314,Tashtyp,RU,2021-10-17 17:40:16,52.7939,89.8983,33.87,78,45,3.02
315,Yanam,IN,2021-10-17 17:40:17,16.7333,82.2167,76.98,96,95,1.7
316,Graaff-Reinet,ZA,2021-10-17 17:40:17,-32.2522,24.5308,53.92,52,100,15.48
317,Valdivia,CL,2021-10-17 17:39:32,-39.8142,-73.2459,59.09,49,28,3.29
318,Mahibadhoo,MV,2021-10-17 17:40:18,3.7833,72.9667,82.11,77,81,19.3
319,Luanshya,ZM,2021-10-17 17:40:19,-13.1367,28.4166,69.57,23,86,4.43
320,Rondonopolis,BR,2021-10-17 17:40:19,-16.4708,-54.6356,94.6,38,15,5.59
321,Grand Baie,MU,2021-10-17 17:40:20,-20.0182,57.5802,74.44,77,35,10.0
322,Tsarychanka,UA,2021-10-17 17:40:20,48.937,34.4786,47.46,72,31,7.63
323,Nosy Varika,MG,2021-10-17 17:40:21,-20.5833,48.5333,72.5,82,3,10.51
324,Poshekhonye,RU,2021-10-17 17:40:21,58.4993,39.1353,42.93,80,91,14.2
325,Moose Factory,CA,2021-10-17 17:36:39,51.2585,-80.6094,44.6,81,90,11.5
326,Uyuni,BO,2021-10-17 17:40:22,-20.4597,-66.825,62.78,3,4,26.6
327,Keith,GB,2021-10-17 17:40:22,57.5363,-2.9481,52.47,96,100,8.34
328,Kutum,SD,2021-10-17 17:37:18,14.2,24.6667,82.04,17,0,10.87
329,Susangerd,IR,2021-10-17 17:40:23,31.5608,48.1831,89.62,11,54,15.99
330,Aripuana,BR,2021-10-17 17:40:24,-9.1667,-60.6333,90.37,49,90,4.38
331,Doume,CM,2021-10-17 17:40:24,4.2333,13.45,71.42,89,92,0.98
332,Dodoma,TZ,2021-10-17 17:40:25,-6.1722,35.7395,77.47,41,6,15.08
333,Alappuzha,IN,2021-10-17 17:40:25,9.49,76.3264,79.56,85,100,10.6
334,Rabo De Peixe,PT,2021-10-17 17:40:26,37.8,-25.5833,71.11,88,40,9.22
335,Aksarayskiy,RU,2021-10-17 17:40:26,46.7924,48.0119,55.35,56,77,8.12
336,Rudnichnyy,RU,2021-10-17 17:40:27,59.617,52.4703,42.26,73,57,12.17
337,Palmas,BR,2021-10-17 17:40:27,-10.2128,-48.3603,89.47,66,40,9.22
338,Pishva,IR,2021-10-17 17:40:28,35.308,51.7267,76.21,22,31,8.16
339,Lira,UG,2021-10-17 17:40:28,2.235,32.9097,70.3,78,43,3.8
340,Shawinigan,CA,2021-10-17 17:40:29,46.5668,-72.7491,56.39,62,52,6.91
341,Kyshtovka,RU,2021-10-17 17:40:29,56.555,76.6271,39.87,81,70,6.67
342,Quelimane,MZ,2021-10-17 17:40:29,-17.8786,36.8883,80.55,74,0,18.41
343,Brasileia,BR,2021-10-17 17:40:30,-11.0161,-68.7481,81.05,74,75,5.75
344,Baghdad,IQ,2021-10-17 17:40:30,33.3406,44.4009,80.51,24,0,4.61
345,Qaqortoq,GL,2021-10-17 17:40:31,60.7167,-46.0333,41.5,48,52,4.74
346,Constantine,DZ,2021-10-17 17:36:04,36.365,6.6147,67.41,42,40,11.5
347,Mandiana,GN,2021-10-17 17:40:32,10.6333,-8.6833,80.51,69,88,3.62
348,Marsa Matruh,EG,2021-10-17 17:40:32,31.3525,27.2453,71.46,61,0,9.84
349,Erzincan,TR,2021-10-17 17:40:33,39.75,39.5,63.7,39,75,13.8
350,Bozoum,CF,2021-10-17 17:40:33,6.3193,16.3799,71.08,95,80,3.06
351,Jalingo,NG,2021-10-17 17:40:34,8.8833,11.3667,79.39,75,73,3.76
352,Kamenka,RU,2021-10-17 17:40:34,51.3223,42.7678,49.75,65,100,1.59
353,Port-Cartier,CA,2021-10-17 17:40:35,50.0334,-66.8654,50.76,99,100,3.2
354,Beloha,MG,2021-10-17 17:40:35,-25.1667,45.05,72.95,84,12,5.84
355,Yarmouth,US,2021-10-17 17:40:36,41.7057,-70.2286,66.25,65,1,15.99
356,Sioux Lookout,CA,2021-10-17 17:40:36,50.1001,-91.917,52.18,54,20,10.36
357,Olafsvik,IS,2021-10-17 17:36:19,64.8945,-23.7142,35.58,94,100,21.21
358,Waw,SS,2021-10-17 17:35:48,7.7029,27.9953,77.32,72,32,2.42
359,Vyshneve,UA,2021-10-17 17:40:37,50.3891,30.3705,48.16,64,90,6.71
360,Halifax,CA,2021-10-17 17:40:38,44.6453,-63.5724,65.08,90,98,7.0
361,Lafia,NG,2021-10-17 17:40:39,8.4833,8.5167,80.64,77,86,5.19
362,Svirstroy,RU,2021-10-17 17:40:39,60.7999,33.7248,40.19,74,90,11.81
363,Sao Filipe,CV,2021-10-17 17:36:45,14.8961,-24.4956,79.97,75,0,12.77
364,Itarema,BR,2021-10-17 17:36:51,-2.9248,-39.9167,86.95,61,8,18.52
365,Caconda,AO,2021-10-17 17:40:41,-13.7333,15.0667,73.35,16,4,5.66
366,Macae,BR,2021-10-17 17:40:41,-22.3708,-41.7869,74.95,88,90,10.36
367,Jhang,PK,2021-10-17 17:40:41,33.6748,72.6963,70.61,57,2,7.87
368,Mubende,UG,2021-10-17 17:40:42,0.5606,31.39,63.16,98,72,1.43
369,Zaria,NG,2021-10-17 17:38:44,11.1113,7.7227,77.72,67,89,4.76
370,Mecca,SA,2021-10-17 17:40:43,21.4267,39.8261,88.36,34,9,4.5
371,Nizhnevartovsk,RU,2021-10-17 17:40:43,60.9344,76.5531,39.22,100,0,6.71
372,Chute-Aux-Outardes,CA,2021-10-17 17:40:44,49.1168,-68.399,53.58,94,90,8.05
373,Brigantine,US,2021-10-17 17:40:44,39.4101,-74.3646,64.69,58,40,19.57
374,Ereymentau,KZ,2021-10-17 17:40:45,51.6199,73.1033,41.09,55,10,7.54
375,Vicuna,CL,2021-10-17 17:40:45,-30.0319,-70.7081,83.77,20,0,10.22
376,Lasa,IT,2021-10-17 17:40:46,46.6166,10.7002,53.06,71,50,1.68
377,Arivonimamo,MG,2021-10-17 17:40:46,-19.0167,47.1833,60.85,81,0,9.64
378,Quartucciu,IT,2021-10-17 17:40:47,39.2519,9.1794,68.25,61,40,5.01
379,Qandala,SO,2021-10-17 17:40:47,11.472,49.8728,86.43,49,26,4.12
380,Plettenberg Bay,ZA,2021-10-17 17:40:48,-34.0527,23.3716,52.29,79,28,7.09
381,Novouzensk,RU,2021-10-17 17:40:48,50.4592,48.1431,54.91,45,100,10.2
382,Harper,LR,2021-10-17 17:40:49,4.375,-7.7169,79.99,80,57,6.51
383,Kissidougou,GN,2021-10-17 17:40:49,9.1848,-10.0999,77.18,81,71,3.33
384,Siniscola,IT,2021-10-17 17:40:50,40.5719,9.6922,60.35,73,0,4.38
385,Padang,ID,2021-10-17 17:40:50,-0.9492,100.3543,77.43,89,100,1.5
386,Mamallapuram,IN,2021-10-17 17:40:51,12.6264,80.1722,84.25,75,98,5.32
387,Muros,ES,2021-10-17 17:40:52,42.7762,-9.0603,69.84,91,100,8.25
388,Los Llanos De Aridane,ES,2021-10-17 17:40:52,28.6585,-17.9182,73.15,78,0,5.75
389,Axim,GH,2021-10-17 17:40:53,4.8699,-2.2405,80.04,83,32,9.4
390,New Richmond,US,2021-10-17 17:40:53,45.123,-92.5366,64.78,33,1,5.75
391,Kumluca,TR,2021-10-17 17:40:54,36.3703,30.2869,69.53,59,27,6.6
392,Agadir,MA,2021-10-17 17:40:54,30.4202,-9.5982,84.65,41,1,6.85
393,Nakambala,ZM,2021-10-17 17:40:55,-15.8324,27.7799,85.64,22,47,5.06
394,Sawakin,SD,2021-10-17 17:40:55,19.1059,37.3321,86.09,66,7,10.47
395,Den Helder,NL,2021-10-17 17:40:56,52.9599,4.7593,57.18,78,90,11.99
396,Meulaboh,ID,2021-10-17 17:40:56,4.1363,96.1285,75.79,86,100,6.2
397,Iskateley,RU,2021-10-17 17:38:05,67.6803,53.1512,36.81,81,100,10.76
398,Selty,RU,2021-10-17 17:40:57,57.3132,52.1345,43.52,73,99,8.41
399,Huari,PE,2021-10-17 17:40:57,-9.3333,-77.2333,54.16,55,77,6.82
400,Tabou,CI,2021-10-17 17:40:58,4.423,-7.3528,79.79,81,50,6.64
401,Mehamn,NO,2021-10-17 17:40:58,71.0357,27.8492,41.18,86,100,31.29
402,Alizai,PK,2021-10-17 17:40:59,33.5383,70.3462,69.8,33,8,3.31
403,Severodvinsk,RU,2021-10-17 17:40:59,64.5635,39.8302,37.51,97,100,10.78
404,Asuncion,PY,2021-10-17 17:41:00,-25.3007,-57.6359,76.89,61,75,6.91
405,Abu Zabad,SD,2021-10-17 17:41:00,12.35,29.25,88.36,32,50,4.99
406,Mogadishu,SO,2021-10-17 17:41:01,2.0371,45.3438,79.16,83,74,10.65
407,Lukh,RU,2021-10-17 17:41:01,57.0124,42.2584,42.6,83,98,11.03
408,Naryan-Mar,RU,2021-10-17 17:41:02,67.6713,53.087,36.9,81,100,10.78
409,Ilhabela,BR,2021-10-17 17:41:03,-23.7781,-45.3581,68.7,93,100,7.16
410,Road Town,VG,2021-10-17 17:41:04,18.4167,-64.6167,86.09,79,20,3.44
411,Brodokalmak,RU,2021-10-17 17:41:04,55.5748,62.082,43.7,57,61,6.6
412,Ripoll,ES,2021-10-17 17:41:05,42.2006,2.1903,60.37,87,82,1.7
413,Cabra,ES,2021-10-17 17:41:06,37.4725,-4.4421,80.04,44,68,2.28
414,Kolobrzeg,PL,2021-10-17 17:41:06,54.1757,15.5834,50.97,100,100,13.02
415,Killybegs,IE,2021-10-17 17:41:06,54.6333,-8.45,56.91,91,100,4.99
416,San Andres,CO,2021-10-17 17:41:07,12.5847,-81.7006,87.82,70,40,6.91
417,Albina,SR,2021-10-17 17:41:07,5.5,-54.05,84.13,69,98,4.34
418,Kiruna,SE,2021-10-17 17:41:08,67.8557,20.2251,31.12,86,0,9.22
419,Savannah Bight,HN,2021-10-17 17:41:09,16.45,-85.85,86.05,68,74,5.06
420,Havre-Saint-Pierre,CA,2021-10-17 17:37:04,50.2334,-63.5986,54.19,93,90,20.71
421,Novoorsk,RU,2021-10-17 17:41:10,51.381,58.9813,47.05,45,86,6.2
422,Bodmin,GB,2021-10-17 17:41:10,50.4715,-4.7243,58.08,94,20,10.36
423,Amapa,BR,2021-10-17 17:41:11,1.0,-52.0,95.77,32,100,3.53
424,Zaraza,VE,2021-10-17 17:41:11,9.3503,-65.3245,94.21,43,57,5.14
425,Marsaxlokk,MT,2021-10-17 17:41:12,35.8419,14.5431,69.08,68,20,4.61
426,Oktyabrskiy,RU,2021-10-17 17:41:12,54.4815,53.471,47.61,75,99,6.85
427,Kaura Namoda,NG,2021-10-17 17:41:13,12.5898,6.5779,80.8,64,96,4.83
428,Karasburg,NA,2021-10-17 17:41:13,-28.0167,18.75,60.55,19,19,10.36
429,Cassilandia,BR,2021-10-17 17:41:14,-19.1133,-51.7342,86.11,52,69,2.26
430,Phalombe,MW,2021-10-17 17:41:14,-15.8064,35.6507,81.91,41,54,4.38
431,Brae,GB,2021-10-17 17:36:37,60.3964,-1.353,49.91,74,84,11.95
432,Palmas De Monte Alto,BR,2021-10-17 17:41:15,-14.2672,-43.1619,96.94,21,47,6.29
433,Kousseri,CM,2021-10-17 17:41:15,12.0769,15.0306,89.56,55,20,4.61
434,Pestera,RO,2021-10-17 17:41:16,44.1833,28.1333,52.43,77,99,7.58
435,Thompson,CA,2021-10-17 17:41:16,55.7435,-97.8558,46.56,71,20,6.91
436,Carbonia,IT,2021-10-17 17:41:17,39.1672,8.5222,67.15,80,24,1.63
437,Tsumeb,NA,2021-10-17 17:41:18,-19.2333,17.7167,80.15,13,19,8.01
438,Domasnea,RO,2021-10-17 17:41:18,45.0833,22.3167,50.05,89,94,0.92
439,Sutysky,UA,2021-10-17 17:41:19,49.0425,28.4173,41.52,70,28,4.43
440,Znamenskoye,RU,2021-10-17 17:41:19,57.1281,73.8282,39.31,84,80,5.26
441,Husavik,IS,2021-10-17 17:41:20,66.0449,-17.3389,35.51,95,100,16.24
442,Carutapera,BR,2021-10-17 17:41:21,-1.195,-46.02,86.4,61,62,10.0
443,Yambio,SS,2021-10-17 17:41:21,4.5721,28.3955,69.85,95,69,2.37
444,Santa Cruz De La Palma,ES,2021-10-17 17:41:22,28.6835,-17.7642,75.34,83,0,5.75
445,Zamania,IN,2021-10-17 17:41:22,25.4333,83.5667,77.83,85,51,8.03
446,Zapolyarnyy,RU,2021-10-17 17:41:22,69.4154,30.8136,38.48,99,100,6.44
447,Quatre Cocos,MU,2021-10-17 17:41:23,-20.2078,57.7625,74.08,79,41,16.49
448,Cervo,ES,2021-10-17 17:36:30,43.6702,-7.4101,63.97,87,100,1.14
449,Cabedelo,BR,2021-10-17 17:41:24,-6.9811,-34.8339,86.67,63,23,15.35
450,Fez,MA,2021-10-17 17:41:24,34.0372,-4.9998,79.05,29,0,4.61
451,Kattivakkam,IN,2021-10-17 17:41:25,13.2167,80.3167,84.29,77,95,7.74
452,Crotone,IT,2021-10-17 17:41:25,39.0851,17.1178,62.55,77,20,2.3
453,Sakaraha,MG,2021-10-17 17:41:26,-22.9,44.5333,72.54,74,84,8.81
454,Imbituba,BR,2021-10-17 17:41:26,-28.24,-48.6703,66.09,83,100,4.43
455,San Alberto,CO,2021-10-17 17:41:27,7.7611,-73.3922,84.11,77,98,4.05
456,Bachaquero,VE,2021-10-17 17:41:27,9.9694,-71.1494,88.02,63,79,8.01
457,Dahuk,IQ,2021-10-17 17:41:28,36.8695,42.994,67.46,41,1,0.67
458,El Tigre,VE,2021-10-17 17:41:29,8.8875,-64.2454,89.92,47,76,6.38
459,Melbu,NO,2021-10-17 17:41:29,68.5044,14.8297,42.22,75,75,6.91
460,Coracora,PE,2021-10-17 17:41:30,-15.0333,-73.7833,67.26,24,60,12.5
461,Leshukonskoye,RU,2021-10-17 17:41:30,64.8989,45.7622,37.31,94,100,10.96
462,Wajir,KE,2021-10-17 17:41:31,1.7471,40.0573,89.56,40,1,4.61
463,Kokhma,RU,2021-10-17 17:41:31,56.9349,41.0915,41.95,85,97,10.09
464,Stykkisholmur,IS,2021-10-17 17:41:32,65.0757,-22.7297,33.93,93,100,16.49
465,Nguru,NG,2021-10-17 17:41:33,12.8791,10.4526,87.21,48,80,6.78
466,Nazret,ET,2021-10-17 17:41:34,8.55,39.2667,64.33,36,3,4.25
467,Arvika,SE,2021-10-17 17:41:34,59.6553,12.5852,39.81,73,7,2.71
468,Kedgwick,CA,2021-10-17 17:41:35,47.6446,-67.3434,53.65,95,100,4.25
469,Flers,FR,2021-10-17 17:41:36,48.7372,-0.5747,55.65,79,71,3.58
470,Plouzane,FR,2021-10-17 17:41:36,48.3833,-4.6167,62.62,82,0,6.91
471,Iquique,CL,2021-10-17 17:41:36,-20.2208,-70.1431,64.44,68,54,9.82
472,Kletskaya,RU,2021-10-17 17:41:37,49.3145,43.0584,53.98,67,98,3.91
473,Lenger,KZ,2021-10-17 17:41:37,42.183,69.8839,51.24,29,59,4.72
474,Grindavik,IS,2021-10-17 17:41:38,63.8424,-22.4338,40.95,81,75,16.11
475,Raga,SS,2021-10-17 17:37:52,8.4596,25.678,78.13,68,11,2.98
476,Santa Rosa,PH,2021-10-17 17:37:15,14.3122,121.1114,82.38,78,74,6.64
477,Garbolovo,RU,2021-10-17 17:41:39,60.3413,30.4955,44.31,68,8,10.49
478,Ornes,NO,2021-10-17 17:41:40,66.8689,13.7078,42.91,88,100,6.87
479,Jurado,CO,2021-10-17 17:41:40,7.1053,-77.7641,80.22,84,97,6.89
480,Zwedru,LR,2021-10-17 17:41:40,6.0667,-8.1281,80.02,73,81,4.59
481,Skibbereen,IE,2021-10-17 17:41:41,51.55,-9.2667,58.8,97,100,8.19
482,Shalya,RU,2021-10-17 17:41:41,57.2471,58.7298,41.92,64,68,8.59
483,Saint-Georges,GD,2021-10-17 17:41:42,12.0564,-61.7485,85.68,79,20,18.41
484,Bilma,NE,2021-10-17 17:41:42,18.6853,12.9164,91.42,13,52,7.23
485,Salym,RU,2021-10-17 17:41:43,60.0625,71.4789,42.64,77,86,9.46
486,Sisimiut,GL,2021-10-17 17:36:59,66.9395,-53.6735,31.15,44,1,14.12
487,Mendoza,AR,2021-10-17 17:36:52,-32.8908,-68.8272,69.33,28,0,9.22
488,Torata,PE,2021-10-17 17:41:44,-17.0769,-70.8433,71.33,23,75,11.88
489,Tabas,IR,2021-10-17 17:41:45,33.5959,56.9244,71.35,13,0,4.18
490,Rundu,NA,2021-10-17 17:41:45,-17.9333,19.7667,81.07,16,31,6.69
491,Winneba,GH,2021-10-17 17:41:46,5.3511,-0.6231,82.87,85,23,12.68
492,Asfi,MA,2021-10-17 17:41:47,32.2994,-9.2372,72.88,60,67,17.58
493,Salvador,SV,2021-10-17 17:41:47,13.8333,-88.9167,82.44,57,35,2.28
494,Santo Domingo,DO,2021-10-17 17:41:10,18.5001,-69.9886,91.04,67,40,3.0
495,Oum Hadjer,TD,2021-10-17 17:37:01,13.2954,19.6966,91.44,30,23,2.17
496,Veraval,IN,2021-10-17 17:41:48,20.9,70.3667,80.49,75,69,13.78
497,Celendin,PE,2021-10-17 17:41:49,-6.8703,-78.1517,66.72,52,86,5.88
498,Impfondo,CG,2021-10-17 17:41:49,1.6381,18.0667,77.81,77,99,0.74
499,Awash,ET,2021-10-17 17:41:50,8.9833,40.1667,80.24,27,39,4.29
500,Saint-Augustin,CA,2021-10-17 17:41:50,51.226,-58.6502,43.77,60,90,14.16
501,Warmbad,NA,2021-10-17 17:41:51,-28.45,18.7333,63.19,21,33,12.55
502,Arauco,CL,2021-10-17 17:41:52,-37.2463,-73.3175,64.42,45,0,10.76
503,Montes Altos,BR,2021-10-17 17:41:52,-5.8333,-47.0667,91.89,35,59,2.37
504,Kudahuvadhoo,MV,2021-10-17 17:41:53,2.6708,72.8944,83.19,73,74,16.69
505,Krasnoselkup,RU,2021-10-17 17:41:53,65.7,82.4667,39.0,95,100,13.38
506,Takoradi,GH,2021-10-17 17:41:54,4.8845,-1.7554,80.17,82,24,11.12
507,Tambovka,RU,2021-10-17 17:41:54,50.0969,128.0489,24.91,47,15,4.27
508,Umm Kaddadah,SD,2021-10-17 17:41:55,13.6017,26.6876,92.46,16,83,10.54
509,Koungou,YT,2021-10-17 17:41:55,-12.7336,45.2042,76.71,73,0,5.75
510,Kulhudhuffushi,MV,2021-10-17 17:41:56,6.6221,73.07,80.46,82,100,21.65
511,Joao Pinheiro,BR,2021-10-17 17:41:56,-17.7425,-46.1725,77.88,65,53,10.27
512,Verkhoshizhemye,RU,2021-10-17 17:41:57,58.011,49.1038,43.7,70,79,10.76
513,Qasigiannguit,GL,2021-10-17 17:41:57,68.8193,-51.1922,19.65,64,1,9.69
514,Candolim,IN,2021-10-17 17:41:58,15.5181,73.7626,81.07,79,84,4.76
515,Paita,PE,2021-10-17 17:41:58,-5.0892,-81.1144,75.76,73,76,14.16
516,Methoni,GR,2021-10-17 17:41:59,36.8197,21.7049,65.21,64,32,7.2
517,Osorno,CL,2021-10-17 17:41:59,-40.5667,-73.15,59.31,63,40,5.75
518,Hungund,IN,2021-10-17 17:42:00,16.0667,76.05,74.91,81,100,12.17
519,Camana,PE,2021-10-17 17:42:00,-16.6228,-72.7111,66.15,73,71,10.67
520,Vernesti,RO,2021-10-17 17:42:00,45.2167,26.7333,53.28,81,96,3.24
521,Dzaoudzi,YT,2021-10-17 17:42:01,-12.7887,45.2699,76.89,73,0,5.75
522,Abu Samrah,SY,2021-10-17 17:42:02,35.3029,37.1841,65.97,72,1,15.59
523,Strezhevoy,RU,2021-10-17 17:42:04,60.7333,77.5889,39.18,88,97,9.66
524,Saint-Pierre,RE,2021-10-17 17:42:05,-21.3393,55.4781,73.08,75,0,2.3
525,Ustupo,PA,2021-10-17 17:42:05,9.1333,-77.9333,84.16,74,100,2.68
526,Mangrol,IN,2021-10-17 17:42:06,21.1167,70.1167,80.35,72,60,13.18
527,Santa Maria,BR,2021-10-17 17:40:00,-29.6842,-53.8069,70.9,53,40,12.66
528,Atar,MR,2021-10-17 17:42:07,20.5169,-13.0499,97.29,8,95,9.44
529,Matola,MZ,2021-10-17 17:42:08,-25.9622,32.4589,63.52,94,90,13.8
530,Grand-Lahou,CI,2021-10-17 17:42:08,5.1367,-5.0242,79.97,82,38,10.31
531,Owando,CG,2021-10-17 17:42:09,-0.4819,15.8999,75.25,88,100,2.42
532,Mulchen,CL,2021-10-17 17:42:10,-37.7167,-72.2333,66.06,36,0,8.88
533,Sao Miguel Do Araguaia,BR,2021-10-17 17:42:10,-13.275,-50.1628,93.31,36,65,9.73
534,San Pedro,PH,2021-10-17 17:42:11,14.35,121.0167,81.63,82,75,2.3
535,Pacasmayo,PE,2021-10-17 17:42:13,-7.4006,-79.5714,69.4,74,97,13.96
536,Peniche,PT,2021-10-17 17:37:23,39.3558,-9.3811,73.62,92,100,5.73
537,Matay,EG,2021-10-17 17:42:14,28.419,30.7792,82.13,28,100,8.97
538,Chardara,KZ,2021-10-17 17:42:14,41.2547,67.9692,60.8,28,99,7.92
539,Kjollefjord,NO,2021-10-17 17:42:15,70.9457,27.3465,41.05,87,100,30.78
540,Saint-Joseph,RE,2021-10-17 17:42:15,-21.3667,55.6167,71.98,81,44,12.71
541,Sohag,EG,2021-10-17 17:42:16,26.557,31.6948,84.83,20,14,12.08
542,Abrau-Dyurso,RU,2021-10-17 17:42:16,44.69,37.59,47.66,73,55,7.0
543,Porangatu,BR,2021-10-17 17:42:17,-13.4408,-49.1486,91.09,37,76,2.15
544,Sao Simao,BR,2021-10-17 17:42:18,-21.4792,-47.5508,90.05,59,73,0.54
545,Norrtalje,SE,2021-10-17 17:42:18,59.758,18.705,43.84,54,0,10.67
546,Ngaoundere,CM,2021-10-17 17:42:19,7.3167,13.5833,67.51,92,89,1.86
547,Manacapuru,BR,2021-10-17 17:42:19,-3.2997,-60.6206,79.38,45,27,1.16
548,Bolshaya Sosnova,RU,2021-10-17 17:42:19,57.6713,54.6029,42.64,76,99,10.42
549,Azovskaya,RU,2021-10-17 17:42:20,44.7908,38.6264,58.6,85,70,4.12
550,Qeshm,IR,2021-10-17 17:42:20,26.9581,56.2719,78.67,56,0,4.34
551,Makokou,GA,2021-10-17 17:42:21,0.5738,12.8642,71.98,97,98,1.41
552,South Shields,GB,2021-10-17 17:42:21,54.9986,-1.4323,58.41,92,94,7.4
553,Pontes E Lacerda,BR,2021-10-17 17:42:22,-15.2261,-59.3353,96.04,35,98,3.06
554,Araure,VE,2021-10-17 17:42:23,9.5601,-69.2148,90.95,73,32,4.09
555,Paso De Los Toros,UY,2021-10-17 17:42:23,-32.8167,-56.5167,65.05,50,0,7.09
556,San Cristobal,VE,2021-10-17 17:37:31,7.7669,-72.225,84.38,63,97,6.04
557,Pavlodar,KZ,2021-10-17 17:42:24,52.3,76.95,30.0,93,0,4.47
558,Maragogi,BR,2021-10-17 17:42:24,-9.0122,-35.2225,81.61,66,54,11.59
559,Harnosand,SE,2021-10-17 17:42:25,62.6323,17.9379,42.01,62,67,22.19
560,Bafra,TR,2021-10-17 17:42:25,41.5678,35.9069,64.81,85,94,9.1
561,Ordzhonikidze,KZ,2021-10-17 17:42:26,52.4411,61.7408,49.39,45,82,7.29
562,Lukovetskiy,RU,2021-10-17 17:42:27,64.2956,41.9211,37.38,97,100,10.74
563,Ladario,BR,2021-10-17 17:42:27,-19.0047,-57.6017,88.09,51,40,6.91
564,Farim,GW,2021-10-17 17:42:28,12.4839,-15.2217,91.69,59,56,1.05
